prediction_date,PTLoad
2016-02-13 00:00:00,5566.65
2016-02-13 01:00:00,5166.2
2016-02-13 02:00:00,4911.0
2016-02-13 03:00:00,4770.625
2016-02-13 04:00:00,4688.875
2016-02-13 05:00:00,4672.7
2016-02-13 06:00:00,4708.55
2016-02-13 07:00:00,4707.325
2016-02-13 08:00:00,5098.5
2016-02-13 09:00:00,5645.525
2016-02-13 10:00:00,5965.0
2016-02-13 11:00:00,6232.1
2016-02-13 12:00:00,6361.5
2016-02-13 13:00:00,6309.8
2016-02-13 14:00:00,6217.25
2016-02-13 15:00:00,6145.35
2016-02-13 16:00:00,6040.5
2016-02-13 17:00:00,6129.15
2016-02-13 18:00:00,6553.2
2016-02-13 19:00:00,6833.275
2016-02-13 20:00:00,6707.65
2016-02-13 21:00:00,6331.275
2016-02-13 22:00:00,6044.6
2016-02-13 23:00:00,5585.3
2016-02-14 00:00:00,5111.25
2016-02-14 01:00:00,4718.1
2016-02-14 02:00:00,4461.425
2016-02-14 03:00:00,4322.7
2016-02-14 04:00:00,4239.025
2016-02-14 05:00:00,4238.625
2016-02-14 06:00:00,4277.9
2016-02-14 07:00:00,4116.4
2016-02-14 08:00:00,4395.2
2016-02-14 09:00:00,4849.45
2016-02-14 10:00:00,5272.85
2016-02-14 11:00:00,5709.125
2016-02-14 12:00:00,5789.325
2016-02-14 13:00:00,5663.325
2016-02-14 14:00:00,5537.625
2016-02-14 15:00:00,5463.6
2016-02-14 16:00:00,5442.8
2016-02-14 17:00:00,5560.7
2016-02-14 18:00:00,6191.5
2016-02-14 19:00:00,6737.675
2016-02-14 20:00:00,6714.175
2016-02-14 21:00:00,6464.475
2016-02-14 22:00:00,6114.85
2016-02-14 23:00:00,5624.55
2016-02-15 00:00:00,5137.75
2016-02-15 01:00:00,4678.975
2016-02-15 02:00:00,4504.425
2016-02-15 03:00:00,4373.35
2016-02-15 04:00:00,4389.55
2016-02-15 05:00:00,4520.325
2016-02-15 06:00:00,4944.7
2016-02-15 07:00:00,5493.0
2016-02-15 08:00:00,6452.775
2016-02-15 09:00:00,7001.825
2016-02-15 10:00:00,7212.275
2016-02-15 11:00:00,7302.025
2016-02-15 12:00:00,7163.15
2016-02-15 13:00:00,7002.325
2016-02-15 14:00:00,7069.05
2016-02-15 15:00:00,6982.325
2016-02-15 16:00:00,6902.65
2016-02-15 17:00:00,6778.9
2016-02-15 18:00:00,7307.125
2016-02-15 19:00:00,7757.375
2016-02-15 20:00:00,7620.025
2016-02-15 21:00:00,7412.375
2016-02-15 22:00:00,6977.725
2016-02-15 23:00:00,6225.3
2016-02-16 00:00:00,5643.975
2016-02-16 01:00:00,5207.7
2016-02-16 02:00:00,4930.1
2016-02-16 03:00:00,4854.475
2016-02-16 04:00:00,4816.2
2016-02-16 05:00:00,4916.35
2016-02-16 06:00:00,5245.35
2016-02-16 07:00:00,5771.05
2016-02-16 08:00:00,6709.525
2016-02-16 09:00:00,7292.725
2016-02-16 10:00:00,7306.725
2016-02-16 11:00:00,7396.5
2016-02-16 12:00:00,7166.4
2016-02-16 13:00:00,6999.5
2016-02-16 14:00:00,6989.9
2016-02-16 15:00:00,6904.325
2016-02-16 16:00:00,6872.6
2016-02-16 17:00:00,6668.45
2016-02-16 18:00:00,7215.85
2016-02-16 19:00:00,7794.675
2016-02-16 20:00:00,7726.425
2016-02-16 21:00:00,7446.175
2016-02-16 22:00:00,7091.925
2016-02-16 23:00:00,6331.15
2016-02-17 00:00:00,5637.55
2016-02-17 01:00:00,5217.225
2016-02-17 02:00:00,4997.375
2016-02-17 03:00:00,4886.825
2016-02-17 04:00:00,4871.45
2016-02-17 05:00:00,4955.75
2016-02-17 06:00:00,5262.725
2016-02-17 07:00:00,5871.1
2016-02-17 08:00:00,6867.25
2016-02-17 09:00:00,7340.7
2016-02-17 10:00:00,7460.9
2016-02-17 11:00:00,7588.35
2016-02-17 12:00:00,7435.625
2016-02-17 13:00:00,7334.825
2016-02-17 14:00:00,7513.525
2016-02-17 15:00:00,7508.925
2016-02-17 16:00:00,7516.025
2016-02-17 17:00:00,7441.375
2016-02-17 18:00:00,7764.95
2016-02-17 19:00:00,8084.125
2016-02-17 20:00:00,7934.625
2016-02-17 21:00:00,7684.175
2016-02-17 22:00:00,7116.85
2016-02-17 23:00:00,6368.3
2016-02-18 00:00:00,5744.725
2016-02-18 01:00:00,5327.075
2016-02-18 02:00:00,5098.65
2016-02-18 03:00:00,4979.775
2016-02-18 04:00:00,4932.225
2016-02-18 05:00:00,5047.525
2016-02-18 06:00:00,5348.075
2016-02-18 07:00:00,5902.175
2016-02-18 08:00:00,6835.475
2016-02-18 09:00:00,7232.65
2016-02-18 10:00:00,7306.9
2016-02-18 11:00:00,7405.525
2016-02-18 12:00:00,7160.8
2016-02-18 13:00:00,6982.5
2016-02-18 14:00:00,7114.15
2016-02-18 15:00:00,7037.325
2016-02-18 16:00:00,6994.25
2016-02-18 17:00:00,6852.9
2016-02-18 18:00:00,7395.95
2016-02-18 19:00:00,8012.875
2016-02-18 20:00:00,7999.875
2016-02-18 21:00:00,7713.1
2016-02-18 22:00:00,7239.775
2016-02-18 23:00:00,6457.375
2016-02-19 00:00:00,5804.925
2016-02-19 01:00:00,5343.65
2016-02-19 02:00:00,5047.925
2016-02-19 03:00:00,4905.775
2016-02-19 04:00:00,4872.025
2016-02-19 05:00:00,5038.575
2016-02-19 06:00:00,5306.025
2016-02-19 07:00:00,5968.45
2016-02-19 08:00:00,6794.725
2016-02-19 09:00:00,7262.6
2016-02-19 10:00:00,7385.625
2016-02-19 11:00:00,7448.35
2016-02-19 12:00:00,7171.025
2016-02-19 13:00:00,7012.675
2016-02-19 14:00:00,7039.325
2016-02-19 15:00:00,6870.225
2016-02-19 16:00:00,6772.85
2016-02-19 17:00:00,6643.25
2016-02-19 18:00:00,7190.275
2016-02-19 19:00:00,7771.275
2016-02-19 20:00:00,7717.325
2016-02-19 21:00:00,7431.75
2016-02-19 22:00:00,6947.2
2016-02-19 23:00:00,6342.1
2016-02-20 00:00:00,5733.775
2016-02-20 01:00:00,5277.9
2016-02-20 02:00:00,5014.075
2016-02-20 03:00:00,4848.175
2016-02-20 04:00:00,4747.8
2016-02-20 05:00:00,4689.85
2016-02-20 06:00:00,4785.65
2016-02-20 07:00:00,4761.575
2016-02-20 08:00:00,5261.5
2016-02-20 09:00:00,5791.725
2016-02-20 10:00:00,5999.525
2016-02-20 11:00:00,6046.3
2016-02-20 12:00:00,6037.175
2016-02-20 13:00:00,5810.925
2016-02-20 14:00:00,5648.95
2016-02-20 15:00:00,5502.375
2016-02-20 16:00:00,5340.925
2016-02-20 17:00:00,5406.425
2016-02-20 18:00:00,6239.7
2016-02-20 19:00:00,6946.4
2016-02-20 20:00:00,6954.325
2016-02-20 21:00:00,6569.425
2016-02-20 22:00:00,6251.85
2016-02-20 23:00:00,5686.925
2016-02-21 00:00:00,5189.825
2016-02-21 01:00:00,4828.45
2016-02-21 02:00:00,4584.925
2016-02-21 03:00:00,4432.275
2016-02-21 04:00:00,4352.85
2016-02-21 05:00:00,4345.0
2016-02-21 06:00:00,4364.875
2016-02-21 07:00:00,4283.55
2016-02-21 08:00:00,4547.775
2016-02-21 09:00:00,5010.45
2016-02-21 10:00:00,5382.45
2016-02-21 11:00:00,5625.15
2016-02-21 12:00:00,5709.175
2016-02-21 13:00:00,5500.175
2016-02-21 14:00:00,5275.5
2016-02-21 15:00:00,5145.025
2016-02-21 16:00:00,5084.05
2016-02-21 17:00:00,5218.375
2016-02-21 18:00:00,5984.025
2016-02-21 19:00:00,6624.65
2016-02-21 20:00:00,6711.075
2016-02-21 21:00:00,6413.2
2016-02-21 22:00:00,6078.625
2016-02-21 23:00:00,5556.95
2016-02-22 00:00:00,5097.45
2016-02-22 01:00:00,4743.1
2016-02-22 02:00:00,4557.675
2016-02-22 03:00:00,4479.95
2016-02-22 04:00:00,4495.1
2016-02-22 05:00:00,4585.475
2016-02-22 06:00:00,4942.575
2016-02-22 07:00:00,5455.225
2016-02-22 08:00:00,6288.025
2016-02-22 09:00:00,6784.35
2016-02-22 10:00:00,7020.45
2016-02-22 11:00:00,7090.7
2016-02-22 12:00:00,6866.725
2016-02-22 13:00:00,6702.175
2016-02-22 14:00:00,6781.65
2016-02-22 15:00:00,6710.575
2016-02-22 16:00:00,6642.0
2016-02-22 17:00:00,6468.4
2016-02-22 18:00:00,6958.3
2016-02-22 19:00:00,7549.6
2016-02-22 20:00:00,7484.7
2016-02-22 21:00:00,7200.4
2016-02-22 22:00:00,6765.325
2016-02-22 23:00:00,6062.325
2016-02-23 00:00:00,5467.225
2016-02-23 01:00:00,5098.425
2016-02-23 02:00:00,4900.575
2016-02-23 03:00:00,4772.95
2016-02-23 04:00:00,4750.75
2016-02-23 05:00:00,4837.25
2016-02-23 06:00:00,5130.375
2016-02-23 07:00:00,5710.35
2016-02-23 08:00:00,6622.675
2016-02-23 09:00:00,7049.725
2016-02-23 10:00:00,7101.775
2016-02-23 11:00:00,7269.7
2016-02-23 12:00:00,7081.05
2016-02-23 13:00:00,6873.85
2016-02-23 14:00:00,6980.9
2016-02-23 15:00:00,6888.975
2016-02-23 16:00:00,6745.525
2016-02-23 17:00:00,6622.95
2016-02-23 18:00:00,7135.625
2016-02-23 19:00:00,7700.2
2016-02-23 20:00:00,7610.8
2016-02-23 21:00:00,7258.275
2016-02-23 22:00:00,6761.95
2016-02-23 23:00:00,6012.5
2016-02-24 00:00:00,5470.275
2016-02-24 01:00:00,5113.175
2016-02-24 02:00:00,4926.2
2016-02-24 03:00:00,4824.825
2016-02-24 04:00:00,4782.25
2016-02-24 05:00:00,4847.075
2016-02-24 06:00:00,5162.725
2016-02-24 07:00:00,5759.35
2016-02-24 08:00:00,6656.625
2016-02-24 09:00:00,7138.625
2016-02-24 10:00:00,7301.575
2016-02-24 11:00:00,7431.075
2016-02-24 12:00:00,7286.325
2016-02-24 13:00:00,7043.8
2016-02-24 14:00:00,7203.475
2016-02-24 15:00:00,7145.45
2016-02-24 16:00:00,7120.125
2016-02-24 17:00:00,6955.45
2016-02-24 18:00:00,7284.975
2016-02-24 19:00:00,7738.95
2016-02-24 20:00:00,7607.375
2016-02-24 21:00:00,7297.4
2016-02-24 22:00:00,6865.55
2016-02-24 23:00:00,6136.4
2016-02-25 00:00:00,5518.725
2016-02-25 01:00:00,5150.775
2016-02-25 02:00:00,4918.675
2016-02-25 03:00:00,4797.125
2016-02-25 04:00:00,4763.225
2016-02-25 05:00:00,4852.0
2016-02-25 06:00:00,5142.075
2016-02-25 07:00:00,5714.425
2016-02-25 08:00:00,6609.35
2016-02-25 09:00:00,7044.1
2016-02-25 10:00:00,7134.925
2016-02-25 11:00:00,7242.875
2016-02-25 12:00:00,6961.3
2016-02-25 13:00:00,6806.975
2016-02-25 14:00:00,6904.35
2016-02-25 15:00:00,6832.325
2016-02-25 16:00:00,6759.775
2016-02-25 17:00:00,6608.825
2016-02-25 18:00:00,7040.15
2016-02-25 19:00:00,7584.55
2016-02-25 20:00:00,7503.6
2016-02-25 21:00:00,7232.825
2016-02-25 22:00:00,6814.725
2016-02-25 23:00:00,6129.775
2016-02-26 00:00:00,5519.45
2016-02-26 01:00:00,5133.325
2016-02-26 02:00:00,4918.375
2016-02-26 03:00:00,4843.875
2016-02-26 04:00:00,4834.4
2016-02-26 05:00:00,4913.35
2016-02-26 06:00:00,5184.775
2016-02-26 07:00:00,5756.925
2016-02-26 08:00:00,6685.075
2016-02-26 09:00:00,7227.2
2016-02-26 10:00:00,7429.45
2016-02-26 11:00:00,7627.65
2016-02-26 12:00:00,7443.275
2016-02-26 13:00:00,7353.975
2016-02-26 14:00:00,7505.375
2016-02-26 15:00:00,7416.875
2016-02-26 16:00:00,7330.95
2016-02-26 17:00:00,7137.125
2016-02-26 18:00:00,7403.05
2016-02-26 19:00:00,7827.475
2016-02-26 20:00:00,7718.375
2016-02-26 21:00:00,7368.125
2016-02-26 22:00:00,6977.975
2016-02-26 23:00:00,6335.1
2016-02-27 00:00:00,5750.1
2016-02-27 01:00:00,5318.525
2016-02-27 02:00:00,4994.3
2016-02-27 03:00:00,4869.55
2016-02-27 04:00:00,4792.25
2016-02-27 05:00:00,4768.45
2016-02-27 06:00:00,4756.825
2016-02-27 07:00:00,4802.0
2016-02-27 08:00:00,5322.325
2016-02-27 09:00:00,5905.0
2016-02-27 10:00:00,6254.65
2016-02-27 11:00:00,6464.825
2016-02-27 12:00:00,6539.75
2016-02-27 13:00:00,6458.275
2016-02-27 14:00:00,6345.475
2016-02-27 15:00:00,6296.55
2016-02-27 16:00:00,6231.25
2016-02-27 17:00:00,6301.075
2016-02-27 18:00:00,6844.8
2016-02-27 19:00:00,7429.275
2016-02-27 20:00:00,7380.875
2016-02-27 21:00:00,6990.05
2016-02-27 22:00:00,6613.55
2016-02-27 23:00:00,6060.425
2016-02-28 00:00:00,5476.075
2016-02-28 01:00:00,5030.5
2016-02-28 02:00:00,4693.85
2016-02-28 03:00:00,4520.475
2016-02-28 04:00:00,4445.45
2016-02-28 05:00:00,4427.35
2016-02-28 06:00:00,4386.475
2016-02-28 07:00:00,4308.85
2016-02-28 08:00:00,4629.725
2016-02-28 09:00:00,5114.375
2016-02-28 10:00:00,5552.4
2016-02-28 11:00:00,5874.2
2016-02-28 12:00:00,6006.35
2016-02-28 13:00:00,5777.0
2016-02-28 14:00:00,5570.4
2016-02-28 15:00:00,5452.4
2016-02-28 16:00:00,5364.35
2016-02-28 17:00:00,5529.3
2016-02-28 18:00:00,6165.95
2016-02-28 19:00:00,6902.825
2016-02-28 20:00:00,7022.2
2016-02-28 21:00:00,6791.775
2016-02-28 22:00:00,6416.95
2016-02-28 23:00:00,5784.125
2016-02-29 00:00:00,5287.3
2016-02-29 01:00:00,4840.25
2016-02-29 02:00:00,4630.975
2016-02-29 03:00:00,4538.425
2016-02-29 04:00:00,4525.95
2016-02-29 05:00:00,4618.875
2016-02-29 06:00:00,4970.675
2016-02-29 07:00:00,5584.7
2016-02-29 08:00:00,6587.25
2016-02-29 09:00:00,7012.2
2016-02-29 10:00:00,7120.1
2016-02-29 11:00:00,7209.125
2016-02-29 12:00:00,7011.7
2016-02-29 13:00:00,6834.125
2016-02-29 14:00:00,6860.95
2016-02-29 15:00:00,6749.55
2016-02-29 16:00:00,6663.125
2016-02-29 17:00:00,6446.175
2016-02-29 18:00:00,6920.0
2016-02-29 19:00:00,7708.625
2016-02-29 20:00:00,7681.725
2016-02-29 21:00:00,7434.025
2016-02-29 22:00:00,7016.5
2016-02-29 23:00:00,6290.45
2016-03-01 00:00:00,5604.55
2016-03-01 01:00:00,5208.925
2016-03-01 02:00:00,4979.275
2016-03-01 03:00:00,4866.225
2016-03-01 04:00:00,4839.55
2016-03-01 05:00:00,4908.725
2016-03-01 06:00:00,5158.375
2016-03-01 07:00:00,5766.2
2016-03-01 08:00:00,6641.575
2016-03-01 09:00:00,7030.8
2016-03-01 10:00:00,7073.575
2016-03-01 11:00:00,7140.9
2016-03-01 12:00:00,6897.8
2016-03-01 13:00:00,6648.45
2016-03-01 14:00:00,6766.7
2016-03-01 15:00:00,6653.925
2016-03-01 16:00:00,6580.025
2016-03-01 17:00:00,6434.8
2016-03-01 18:00:00,6855.6
2016-03-01 19:00:00,7643.275
2016-03-01 20:00:00,7625.05
2016-03-01 21:00:00,7339.875
2016-03-01 22:00:00,6957.975
2016-03-01 23:00:00,6231.525
2016-03-02 00:00:00,5580.775
2016-03-02 01:00:00,5172.175
2016-03-02 02:00:00,4938.175
2016-03-02 03:00:00,4829.15
2016-03-02 04:00:00,4807.775
2016-03-02 05:00:00,4881.9
2016-03-02 06:00:00,5157.0
2016-03-02 07:00:00,5769.175
2016-03-02 08:00:00,6613.8
2016-03-02 09:00:00,6972.925
2016-03-02 10:00:00,7121.35
2016-03-02 11:00:00,7236.375
2016-03-02 12:00:00,7019.925
2016-03-02 13:00:00,6855.575
2016-03-02 14:00:00,6974.775
2016-03-02 15:00:00,6906.275
2016-03-02 16:00:00,6855.75
2016-03-02 17:00:00,6682.95
2016-03-02 18:00:00,7036.35
2016-03-02 19:00:00,7676.9
2016-03-02 20:00:00,7596.075
2016-03-02 21:00:00,7279.75
2016-03-02 22:00:00,6893.5
2016-03-02 23:00:00,6171.9
2016-03-03 00:00:00,5558.775
2016-03-03 01:00:00,5163.375
2016-03-03 02:00:00,4964.45
2016-03-03 03:00:00,4849.7
2016-03-03 04:00:00,4810.1
2016-03-03 05:00:00,4881.325
2016-03-03 06:00:00,5137.65
2016-03-03 07:00:00,5744.375
2016-03-03 08:00:00,6538.25
2016-03-03 09:00:00,6896.675
2016-03-03 10:00:00,6993.65
2016-03-03 11:00:00,7034.375
2016-03-03 12:00:00,6786.475
2016-03-03 13:00:00,6574.825
2016-03-03 14:00:00,6668.575
2016-03-03 15:00:00,6555.775
2016-03-03 16:00:00,6480.65
2016-03-03 17:00:00,6343.5
2016-03-03 18:00:00,6739.75
2016-03-03 19:00:00,7579.5
2016-03-03 20:00:00,7495.9
2016-03-03 21:00:00,7168.8
2016-03-03 22:00:00,6811.65
2016-03-03 23:00:00,6147.725
2016-03-04 00:00:00,5547.55
2016-03-04 01:00:00,5177.1
2016-03-04 02:00:00,4955.875
2016-03-04 03:00:00,4844.35
2016-03-04 04:00:00,4828.475
2016-03-04 05:00:00,4895.4
2016-03-04 06:00:00,5158.45
2016-03-04 07:00:00,5797.475
2016-03-04 08:00:00,6687.8
2016-03-04 09:00:00,7143.35
2016-03-04 10:00:00,7214.175
2016-03-04 11:00:00,7378.8
2016-03-04 12:00:00,7219.075
2016-03-04 13:00:00,7085.475
2016-03-04 14:00:00,7195.4
2016-03-04 15:00:00,7095.975
2016-03-04 16:00:00,7007.1
2016-03-04 17:00:00,6764.85
2016-03-04 18:00:00,6970.175
2016-03-04 19:00:00,7572.175
2016-03-04 20:00:00,7462.575
2016-03-04 21:00:00,7153.325
2016-03-04 22:00:00,6797.725
2016-03-04 23:00:00,6132.15
2016-03-05 00:00:00,5537.375
2016-03-05 01:00:00,5154.9
2016-03-05 02:00:00,4870.125
2016-03-05 03:00:00,4735.05
2016-03-05 04:00:00,4637.4
2016-03-05 05:00:00,4620.975
2016-03-05 06:00:00,4557.125
2016-03-05 07:00:00,4635.35
2016-03-05 08:00:00,5136.15
2016-03-05 09:00:00,5641.675
2016-03-05 10:00:00,5830.375
2016-03-05 11:00:00,5987.525
2016-03-05 12:00:00,6039.65
2016-03-05 13:00:00,5891.95
2016-03-05 14:00:00,5806.85
2016-03-05 15:00:00,5703.6
2016-03-05 16:00:00,5625.9
2016-03-05 17:00:00,5659.725
2016-03-05 18:00:00,6178.425
2016-03-05 19:00:00,6926.8
2016-03-05 20:00:00,6891.0
2016-03-05 21:00:00,6497.225
2016-03-05 22:00:00,6176.75
2016-03-05 23:00:00,5776.475
2016-03-06 00:00:00,5235.725
2016-03-06 01:00:00,4819.0
2016-03-06 02:00:00,4542.275
2016-03-06 03:00:00,4399.425
2016-03-06 04:00:00,4295.825
2016-03-06 05:00:00,4299.75
2016-03-06 06:00:00,4199.1
2016-03-06 07:00:00,4143.925
2016-03-06 08:00:00,4490.875
2016-03-06 09:00:00,4940.5
2016-03-06 10:00:00,5322.975
2016-03-06 11:00:00,5604.05
2016-03-06 12:00:00,5773.45
2016-03-06 13:00:00,5550.2
2016-03-06 14:00:00,5361.65
2016-03-06 15:00:00,5238.125
2016-03-06 16:00:00,5117.25
2016-03-06 17:00:00,5239.3
2016-03-06 18:00:00,5816.525
2016-03-06 19:00:00,6666.725
2016-03-06 20:00:00,6746.25
2016-03-06 21:00:00,6536.25
2016-03-06 22:00:00,6225.45
2016-03-06 23:00:00,5670.175
2016-03-07 00:00:00,5132.125
2016-03-07 01:00:00,4775.7
2016-03-07 02:00:00,4574.625
2016-03-07 03:00:00,4457.125
2016-03-07 04:00:00,4427.225
2016-03-07 05:00:00,4552.125
2016-03-07 06:00:00,4889.05
2016-03-07 07:00:00,5497.75
2016-03-07 08:00:00,6435.375
2016-03-07 09:00:00,6985.7
2016-03-07 10:00:00,7160.775
2016-03-07 11:00:00,7294.575
2016-03-07 12:00:00,7146.35
2016-03-07 13:00:00,7010.775
2016-03-07 14:00:00,7079.5
2016-03-07 15:00:00,6991.825
2016-03-07 16:00:00,6917.125
2016-03-07 17:00:00,6712.675
2016-03-07 18:00:00,6992.85
2016-03-07 19:00:00,7756.05
2016-03-07 20:00:00,7683.3
2016-03-07 21:00:00,7331.2
2016-03-07 22:00:00,6913.7
2016-03-07 23:00:00,6175.175
2016-03-08 00:00:00,5534.0
2016-03-08 01:00:00,5125.95
2016-03-08 02:00:00,4928.9
2016-03-08 03:00:00,4807.0
2016-03-08 04:00:00,4770.375
2016-03-08 05:00:00,4856.6
2016-03-08 06:00:00,5049.675
2016-03-08 07:00:00,5619.8
2016-03-08 08:00:00,6604.55
2016-03-08 09:00:00,6994.45
2016-03-08 10:00:00,7057.875
2016-03-08 11:00:00,7122.6
2016-03-08 12:00:00,6933.725
2016-03-08 13:00:00,6740.95
2016-03-08 14:00:00,6842.4
2016-03-08 15:00:00,6710.275
2016-03-08 16:00:00,6605.375
2016-03-08 17:00:00,6426.575
2016-03-08 18:00:00,6790.325
2016-03-08 19:00:00,7648.65
2016-03-08 20:00:00,7565.2
2016-03-08 21:00:00,7240.875
2016-03-08 22:00:00,6891.9
2016-03-08 23:00:00,6174.15
2016-03-09 00:00:00,5555.6
2016-03-09 01:00:00,5153.0
2016-03-09 02:00:00,4956.525
2016-03-09 03:00:00,4855.65
2016-03-09 04:00:00,4800.525
2016-03-09 05:00:00,4897.15
2016-03-09 06:00:00,5077.95
2016-03-09 07:00:00,5734.3
2016-03-09 08:00:00,6709.65
2016-03-09 09:00:00,7221.55
2016-03-09 10:00:00,7393.125
2016-03-09 11:00:00,7534.475
2016-03-09 12:00:00,7367.9
2016-03-09 13:00:00,7122.5
2016-03-09 14:00:00,7206.65
2016-03-09 15:00:00,7106.55
2016-03-09 16:00:00,7034.2
2016-03-09 17:00:00,6830.9
2016-03-09 18:00:00,7086.575
2016-03-09 19:00:00,7810.425
2016-03-09 20:00:00,7719.15
2016-03-09 21:00:00,7422.55
2016-03-09 22:00:00,7011.3
2016-03-09 23:00:00,6270.1
2016-03-10 00:00:00,5658.7
2016-03-10 01:00:00,5244.175
2016-03-10 02:00:00,4987.125
2016-03-10 03:00:00,4908.65
2016-03-10 04:00:00,4890.25
2016-03-10 05:00:00,4955.6
2016-03-10 06:00:00,5155.875
2016-03-10 07:00:00,5733.1
2016-03-10 08:00:00,6636.875
2016-03-10 09:00:00,7042.2
2016-03-10 10:00:00,7102.975
2016-03-10 11:00:00,7200.0
2016-03-10 12:00:00,6966.325
2016-03-10 13:00:00,6754.85
2016-03-10 14:00:00,6862.45
2016-03-10 15:00:00,6767.275
2016-03-10 16:00:00,6690.2
2016-03-10 17:00:00,6497.3
2016-03-10 18:00:00,6773.0
2016-03-10 19:00:00,7644.55
2016-03-10 20:00:00,7634.425
2016-03-10 21:00:00,7368.35
2016-03-10 22:00:00,6966.55
2016-03-10 23:00:00,6216.05
2016-03-11 00:00:00,5544.625
2016-03-11 01:00:00,5163.1
2016-03-11 02:00:00,4916.725
2016-03-11 03:00:00,4801.025
2016-03-11 04:00:00,4811.55
2016-03-11 05:00:00,4891.025
2016-03-11 06:00:00,5083.775
2016-03-11 07:00:00,5662.525
2016-03-11 08:00:00,6541.9
2016-03-11 09:00:00,6914.375
2016-03-11 10:00:00,6973.375
2016-03-11 11:00:00,7033.375
2016-03-11 12:00:00,6830.2
2016-03-11 13:00:00,6678.5
2016-03-11 14:00:00,6748.925
2016-03-11 15:00:00,6572.775
2016-03-11 16:00:00,6447.825
2016-03-11 17:00:00,6253.25
2016-03-11 18:00:00,6480.975
2016-03-11 19:00:00,7313.175
2016-03-11 20:00:00,7292.525
2016-03-11 21:00:00,7058.375
2016-03-11 22:00:00,6748.4
2016-03-11 23:00:00,6137.875
2016-03-12 00:00:00,5515.925
2016-03-12 01:00:00,5136.6
2016-03-12 02:00:00,4867.875
2016-03-12 03:00:00,4713.4
2016-03-12 04:00:00,4620.625
2016-03-12 05:00:00,4588.575
2016-03-12 06:00:00,4513.925
2016-03-12 07:00:00,4606.175
2016-03-12 08:00:00,5134.875
2016-03-12 09:00:00,5530.9
2016-03-12 10:00:00,5681.6
2016-03-12 11:00:00,5765.25
2016-03-12 12:00:00,5811.75
2016-03-12 13:00:00,5543.5
2016-03-12 14:00:00,5447.05
2016-03-12 15:00:00,5304.925
2016-03-12 16:00:00,5194.825
2016-03-12 17:00:00,5241.9
2016-03-12 18:00:00,5737.15
2016-03-12 19:00:00,6650.2
2016-03-12 20:00:00,6669.85
2016-03-12 21:00:00,6333.55
2016-03-12 22:00:00,6008.725
2016-03-12 23:00:00,5566.125
2016-03-13 00:00:00,5065.725
2016-03-13 01:00:00,4706.425
2016-03-13 02:00:00,4477.875
2016-03-13 03:00:00,4368.025
2016-03-13 04:00:00,4280.925
2016-03-13 05:00:00,4258.125
2016-03-13 06:00:00,4153.775
2016-03-13 07:00:00,4140.675
2016-03-13 08:00:00,4459.8
2016-03-13 09:00:00,4840.925
2016-03-13 10:00:00,5127.05
2016-03-13 11:00:00,5335.55
2016-03-13 12:00:00,5439.75
2016-03-13 13:00:00,5164.95
2016-03-13 14:00:00,4942.475
2016-03-13 15:00:00,4796.8
2016-03-13 16:00:00,4645.6
2016-03-13 17:00:00,4697.55
2016-03-13 18:00:00,5235.7
2016-03-13 19:00:00,6235.925
2016-03-13 20:00:00,6399.65
2016-03-13 21:00:00,6224.025
2016-03-13 22:00:00,5911.0
2016-03-13 23:00:00,5384.725
2016-03-14 00:00:00,4947.625
2016-03-14 01:00:00,4619.35
2016-03-14 02:00:00,4483.0
2016-03-14 03:00:00,4394.975
2016-03-14 04:00:00,4405.575
2016-03-14 05:00:00,4526.65
2016-03-14 06:00:00,4777.8
2016-03-14 07:00:00,5413.325
2016-03-14 08:00:00,6313.625
2016-03-14 09:00:00,6699.6
2016-03-14 10:00:00,6781.175
2016-03-14 11:00:00,6839.6
2016-03-14 12:00:00,6687.7
2016-03-14 13:00:00,6495.775
2016-03-14 14:00:00,6581.45
2016-03-14 15:00:00,6463.25
2016-03-14 16:00:00,6383.7
2016-03-14 17:00:00,6245.675
2016-03-14 18:00:00,6510.85
2016-03-14 19:00:00,7308.775
2016-03-14 20:00:00,7229.85
2016-03-14 21:00:00,6982.95
2016-03-14 22:00:00,6633.75
2016-03-14 23:00:00,5934.925
2016-03-15 00:00:00,5402.0
2016-03-15 01:00:00,5009.325
2016-03-15 02:00:00,4810.975
2016-03-15 03:00:00,4725.1
2016-03-15 04:00:00,4705.875
2016-03-15 05:00:00,4771.475
2016-03-15 06:00:00,4957.525
2016-03-15 07:00:00,5600.575
2016-03-15 08:00:00,6466.625
2016-03-15 09:00:00,6966.875
2016-03-15 10:00:00,7108.3
2016-03-15 11:00:00,7240.85
2016-03-15 12:00:00,7081.975
2016-03-15 13:00:00,6913.075
2016-03-15 14:00:00,6997.9
2016-03-15 15:00:00,6929.1
2016-03-15 16:00:00,6839.575
2016-03-15 17:00:00,6640.275
2016-03-15 18:00:00,6759.625
2016-03-15 19:00:00,7503.325
2016-03-15 20:00:00,7436.4
2016-03-15 21:00:00,7145.6
2016-03-15 22:00:00,6769.325
2016-03-15 23:00:00,6091.9
2016-03-16 00:00:00,5486.725
2016-03-16 01:00:00,5123.225
2016-03-16 02:00:00,4905.125
2016-03-16 03:00:00,4798.025
2016-03-16 04:00:00,4788.775
2016-03-16 05:00:00,4848.775
2016-03-16 06:00:00,4972.05
2016-03-16 07:00:00,5634.85
2016-03-16 08:00:00,6493.4
2016-03-16 09:00:00,6862.775
2016-03-16 10:00:00,6925.375
2016-03-16 11:00:00,7006.25
2016-03-16 12:00:00,6794.325
2016-03-16 13:00:00,6561.725
2016-03-16 14:00:00,6679.95
2016-03-16 15:00:00,6580.975
2016-03-16 16:00:00,6465.625
2016-03-16 17:00:00,6276.275
2016-03-16 18:00:00,6489.575
2016-03-16 19:00:00,7360.475
2016-03-16 20:00:00,7335.975
2016-03-16 21:00:00,7074.675
2016-03-16 22:00:00,6729.175
2016-03-16 23:00:00,6025.675
2016-03-17 00:00:00,5416.95
2016-03-17 01:00:00,5033.7
2016-03-17 02:00:00,4875.975
2016-03-17 03:00:00,4779.0
2016-03-17 04:00:00,4728.825
2016-03-17 05:00:00,4791.85
2016-03-17 06:00:00,4948.925
2016-03-17 07:00:00,5561.25
2016-03-17 08:00:00,6460.3
2016-03-17 09:00:00,6860.475
2016-03-17 10:00:00,6875.05
2016-03-17 11:00:00,6936.45
2016-03-17 12:00:00,6685.2
2016-03-17 13:00:00,6515.175
2016-03-17 14:00:00,6600.85
2016-03-17 15:00:00,6509.375
2016-03-17 16:00:00,6420.85
2016-03-17 17:00:00,6240.25
2016-03-17 18:00:00,6489.4
2016-03-17 19:00:00,7321.95
2016-03-17 20:00:00,7252.25
2016-03-17 21:00:00,6964.725
2016-03-17 22:00:00,6613.075
2016-03-17 23:00:00,5887.275
2016-03-18 00:00:00,5376.825
2016-03-18 01:00:00,5043.75
2016-03-18 02:00:00,4811.825
2016-03-18 03:00:00,4732.375
2016-03-18 04:00:00,4713.975
2016-03-18 05:00:00,4796.2
2016-03-18 06:00:00,4942.15
2016-03-18 07:00:00,5530.7
2016-03-18 08:00:00,6519.075
2016-03-18 09:00:00,6989.025
2016-03-18 10:00:00,7168.325
2016-03-18 11:00:00,7325.825
2016-03-18 12:00:00,7147.325
2016-03-18 13:00:00,7010.125
2016-03-18 14:00:00,7016.55
2016-03-18 15:00:00,6875.95
2016-03-18 16:00:00,6712.05
2016-03-18 17:00:00,6458.25
2016-03-18 18:00:00,6575.8
2016-03-18 19:00:00,7245.65
2016-03-18 20:00:00,7191.9
2016-03-18 21:00:00,6902.8
2016-03-18 22:00:00,6581.925
2016-03-18 23:00:00,6004.0
2016-03-19 00:00:00,5471.275
2016-03-19 01:00:00,5095.25
2016-03-19 02:00:00,4817.525
2016-03-19 03:00:00,4675.7
2016-03-19 04:00:00,4624.875
2016-03-19 05:00:00,4581.925
2016-03-19 06:00:00,4459.6
2016-03-19 07:00:00,4627.5
2016-03-19 08:00:00,5128.425
2016-03-19 09:00:00,5588.825
2016-03-19 10:00:00,5830.375
2016-03-19 11:00:00,5952.975
2016-03-19 12:00:00,6012.075
2016-03-19 13:00:00,5805.275
2016-03-19 14:00:00,5701.65
2016-03-19 15:00:00,5585.075
2016-03-19 16:00:00,5415.95
2016-03-19 17:00:00,5439.175
2016-03-19 18:00:00,5785.925
2016-03-19 19:00:00,6569.25
2016-03-19 20:00:00,6565.55
2016-03-19 21:00:00,6247.9
2016-03-19 22:00:00,5956.875
2016-03-19 23:00:00,5538.125
2016-03-20 00:00:00,5056.8
2016-03-20 01:00:00,4662.55
2016-03-20 02:00:00,4433.9
2016-03-20 03:00:00,4299.025
2016-03-20 04:00:00,4220.575
2016-03-20 05:00:00,4212.275
2016-03-20 06:00:00,4072.45
2016-03-20 07:00:00,4148.975
2016-03-20 08:00:00,4493.5
2016-03-20 09:00:00,4926.25
2016-03-20 10:00:00,5264.8
2016-03-20 11:00:00,5503.35
2016-03-20 12:00:00,5618.5
2016-03-20 13:00:00,5417.925
2016-03-20 14:00:00,5254.95
2016-03-20 15:00:00,5093.05
2016-03-20 16:00:00,4947.6
2016-03-20 17:00:00,5001.0
2016-03-20 18:00:00,5377.9
2016-03-20 19:00:00,6228.825
2016-03-20 20:00:00,6373.125
2016-03-20 21:00:00,6201.475
2016-03-20 22:00:00,5923.85
2016-03-20 23:00:00,5444.95
2016-03-21 00:00:00,5009.55
2016-03-21 01:00:00,4672.525
2016-03-21 02:00:00,4488.15
2016-03-21 03:00:00,4399.925
2016-03-21 04:00:00,4390.95
2016-03-21 05:00:00,4492.4
2016-03-21 06:00:00,4644.925
2016-03-21 07:00:00,5236.875
2016-03-21 08:00:00,6132.975
2016-03-21 09:00:00,6588.125
2016-03-21 10:00:00,6799.85
2016-03-21 11:00:00,6912.675
2016-03-21 12:00:00,6805.4
2016-03-21 13:00:00,6708.15
2016-03-21 14:00:00,6802.525
2016-03-21 15:00:00,6825.175
2016-03-21 16:00:00,6774.275
2016-03-21 17:00:00,6624.075
2016-03-21 18:00:00,6736.05
2016-03-21 19:00:00,7374.65
2016-03-21 20:00:00,7305.675
2016-03-21 21:00:00,7007.1
2016-03-21 22:00:00,6632.75
2016-03-21 23:00:00,5975.575
2016-03-22 00:00:00,5427.15
2016-03-22 01:00:00,5074.65
2016-03-22 02:00:00,4845.0
2016-03-22 03:00:00,4740.825
2016-03-22 04:00:00,4721.65
2016-03-22 05:00:00,4782.95
2016-03-22 06:00:00,4816.725
2016-03-22 07:00:00,5295.375
2016-03-22 08:00:00,6338.7
2016-03-22 09:00:00,6732.85
2016-03-22 10:00:00,6805.425
2016-03-22 11:00:00,6896.025
2016-03-22 12:00:00,6744.45
2016-03-22 13:00:00,6587.575
2016-03-22 14:00:00,6658.6
2016-03-22 15:00:00,6567.9
2016-03-22 16:00:00,6486.4
2016-03-22 17:00:00,6310.425
2016-03-22 18:00:00,6457.8
2016-03-22 19:00:00,7240.45
2016-03-22 20:00:00,7196.2
2016-03-22 21:00:00,6917.475
2016-03-22 22:00:00,6566.525
2016-03-22 23:00:00,5926.825
2016-03-23 00:00:00,5393.475
2016-03-23 01:00:00,5019.925
2016-03-23 02:00:00,4820.2
2016-03-23 03:00:00,4718.275
2016-03-23 04:00:00,4696.925
2016-03-23 05:00:00,4723.4
2016-03-23 06:00:00,4807.675
2016-03-23 07:00:00,5379.025
2016-03-23 08:00:00,6310.0
2016-03-23 09:00:00,6671.225
2016-03-23 10:00:00,6732.875
2016-03-23 11:00:00,6920.475
2016-03-23 12:00:00,6764.475
2016-03-23 13:00:00,6565.4
2016-03-23 14:00:00,6671.05
2016-03-23 15:00:00,6588.05
2016-03-23 16:00:00,6502.3
2016-03-23 17:00:00,6249.8
2016-03-23 18:00:00,6340.925
2016-03-23 19:00:00,7144.75
2016-03-23 20:00:00,7143.375
2016-03-23 21:00:00,6884.85
2016-03-23 22:00:00,6553.025
2016-03-23 23:00:00,5945.6
2016-03-24 00:00:00,5439.875
2016-03-24 01:00:00,5063.45
2016-03-24 02:00:00,4858.325
2016-03-24 03:00:00,4770.325
2016-03-24 04:00:00,4730.75
2016-03-24 05:00:00,4764.225
2016-03-24 06:00:00,4806.45
2016-03-24 07:00:00,5346.8
2016-03-24 08:00:00,6229.725
2016-03-24 09:00:00,6621.55
2016-03-24 10:00:00,6684.25
2016-03-24 11:00:00,6757.6
2016-03-24 12:00:00,6581.025
2016-03-24 13:00:00,6346.875
2016-03-24 14:00:00,6436.25
2016-03-24 15:00:00,6311.6
2016-03-24 16:00:00,6186.1
2016-03-24 17:00:00,5940.7
2016-03-24 18:00:00,6061.925
2016-03-24 19:00:00,6866.775
2016-03-24 20:00:00,6896.55
2016-03-24 21:00:00,6622.55
2016-03-24 22:00:00,6331.075
2016-03-24 23:00:00,5765.875
2016-03-25 00:00:00,5226.075
2016-03-25 01:00:00,4886.8
2016-03-25 02:00:00,4658.425
2016-03-25 03:00:00,4516.2
2016-03-25 04:00:00,4464.4
2016-03-25 05:00:00,4396.175
2016-03-25 06:00:00,4198.225
2016-03-25 07:00:00,4407.95
2016-03-25 08:00:00,4835.825
2016-03-25 09:00:00,5244.825
2016-03-25 10:00:00,5470.325
2016-03-25 11:00:00,5609.425
2016-03-25 12:00:00,5695.6
2016-03-25 13:00:00,5563.85
2016-03-25 14:00:00,5412.2
2016-03-25 15:00:00,5282.875
2016-03-25 16:00:00,5161.4
2016-03-25 17:00:00,5189.65
2016-03-25 18:00:00,5480.025
2016-03-25 19:00:00,6309.6
2016-03-25 20:00:00,6356.925
2016-03-25 21:00:00,6075.45
2016-03-25 22:00:00,5786.1
2016-03-25 23:00:00,5330.525
2016-03-26 00:00:00,4844.675
2016-03-26 01:00:00,4491.225
2016-03-26 02:00:00,4282.875
2016-03-26 03:00:00,4182.0
2016-03-26 04:00:00,4124.675
2016-03-26 05:00:00,4103.425
2016-03-26 06:00:00,3937.375
2016-03-26 07:00:00,4124.8
2016-03-26 08:00:00,4559.075
2016-03-26 09:00:00,5008.475
2016-03-26 10:00:00,5253.3
2016-03-26 11:00:00,5445.925
2016-03-26 12:00:00,5598.3
2016-03-26 13:00:00,5492.875
2016-03-26 14:00:00,5446.025
2016-03-26 15:00:00,5443.4
2016-03-26 16:00:00,5377.875
2016-03-26 17:00:00,5416.2
2016-03-26 18:00:00,5626.2
2016-03-26 19:00:00,6231.4
2016-03-26 20:00:00,6232.45
2016-03-26 21:00:00,5878.95
2016-03-26 22:00:00,5534.425
2016-03-26 23:00:00,5126.375
2016-03-27 00:00:00,5407.05566667
2016-03-27 01:00:00,4957.04733333
2016-03-27 02:00:00,4632.54366667
2016-03-27 03:00:00,4466.33783333
2016-03-27 04:00:00,4382.58066667
2016-03-27 05:00:00,4373.68441667
2016-03-27 06:00:00,4375.02641667
2016-03-27 07:00:00,4291.15525
2016-03-27 08:00:00,4590.06033333
2016-03-27 09:00:00,5045.913
2016-03-27 10:00:00,5392.03308333
2016-03-27 11:00:00,5648.76925
2016-03-27 12:00:00,5729.91775
2016-03-27 13:00:00,5533.6945
2016-03-27 14:00:00,5323.14033333
2016-03-27 15:00:00,5143.83941667
2016-03-27 16:00:00,5067.64691667
2016-03-27 17:00:00,5098.04583333
2016-03-27 18:00:00,5511.805
2016-03-27 19:00:00,6656.75765152
2016-03-27 20:00:00,6669.86991667
2016-03-27 21:00:00,6419.1005
2016-03-27 22:00:00,6361.09958333
2016-03-27 23:00:00,5772.07258333
2016-03-28 00:00:00,5259.98783333
2016-03-28 01:00:00,4834.03908333
2016-03-28 02:00:00,4621.13
2016-03-28 03:00:00,4539.73666667
2016-03-28 04:00:00,4528.01941667
2016-03-28 05:00:00,4615.79583333
2016-03-28 06:00:00,4656.5105
2016-03-28 07:00:00,4684.82808333
2016-03-28 08:00:00,4849.74016667
2016-03-28 09:00:00,5245.39466667
2016-03-28 10:00:00,5457.85908333
2016-03-28 11:00:00,5602.54525
2016-03-28 12:00:00,5690.17016667
2016-03-28 13:00:00,5572.69441667
2016-03-28 14:00:00,5416.95866667
2016-03-28 15:00:00,5295.01975
2016-03-28 16:00:00,5183.56133333
2016-03-28 17:00:00,5190.48533333
2016-03-28 18:00:00,5465.31791667
2016-03-28 19:00:00,6488.79816667
2016-03-28 20:00:00,6539.10575
2016-03-28 21:00:00,6293.78575
2016-03-28 22:00:00,5911.05966667
2016-03-28 23:00:00,5550.97208333
2016-03-29 00:00:00,5024.16091667
2016-03-29 01:00:00,4849.78041667
2016-03-29 02:00:00,4734.68458333
2016-03-29 03:00:00,4621.59408333
2016-03-29 04:00:00,4584.60966667
2016-03-29 05:00:00,4567.76708333
2016-03-29 06:00:00,4280.29758333
2016-03-29 07:00:00,4680.966
2016-03-29 08:00:00,5076.86858333
2016-03-29 09:00:00,5356.64483333
2016-03-29 10:00:00,5564.42866667
2016-03-29 11:00:00,5667.54641667
2016-03-29 12:00:00,5689.97641667
2016-03-29 13:00:00,5608.29141667
2016-03-29 14:00:00,5432.04533333
2016-03-29 15:00:00,5303.86225
2016-03-29 16:00:00,5255.09475
2016-03-29 17:00:00,5192.18508333
2016-03-29 18:00:00,5433.24475
2016-03-29 19:00:00,6491.66266667
2016-03-29 20:00:00,6575.299
2016-03-29 21:00:00,6335.86866667
2016-03-29 22:00:00,6064.19575
2016-03-29 23:00:00,5583.51291667
2016-03-30 00:00:00,5118.9945
2016-03-30 01:00:00,4856.08558333
2016-03-30 02:00:00,4731.35941667
2016-03-30 03:00:00,4622.7105
2016-03-30 04:00:00,4589.14308333
2016-03-30 05:00:00,4559.676
2016-03-30 06:00:00,4278.60075
2016-03-30 07:00:00,4616.02941667
2016-03-30 08:00:00,5082.08491667
2016-03-30 09:00:00,5367.192
2016-03-30 10:00:00,5551.09983333
2016-03-30 11:00:00,5640.44166667
2016-03-30 12:00:00,5687.88233333
2016-03-30 13:00:00,5605.53991667
2016-03-30 14:00:00,5421.05216667
2016-03-30 15:00:00,5291.82233333
2016-03-30 16:00:00,5181.46258333
2016-03-30 17:00:00,5204.47183333
2016-03-30 18:00:00,5479.79233333
2016-03-30 19:00:00,6517.47333333
2016-03-30 20:00:00,6574.16608333
2016-03-30 21:00:00,6334.82916667
2016-03-30 22:00:00,5939.07075
2016-03-30 23:00:00,5467.31125
2016-03-31 00:00:00,5021.29041667
2016-03-31 01:00:00,4836.4685
2016-03-31 02:00:00,4736.917
2016-03-31 03:00:00,4628.93191667
2016-03-31 04:00:00,4587.05733333
2016-03-31 05:00:00,4565.99
2016-03-31 06:00:00,4282.42908333
2016-03-31 07:00:00,5220.38575
2016-03-31 08:00:00,4874.30875
2016-03-31 09:00:00,5073.68483333
2016-03-31 10:00:00,5124.30225
2016-03-31 11:00:00,5147.09991667
2016-03-31 12:00:00,5420.85175
2016-03-31 13:00:00,5127.59225
2016-03-31 14:00:00,5111.05775
2016-03-31 15:00:00,5103.11433333
2016-03-31 16:00:00,5096.40408333
2016-03-31 17:00:00,5098.73
2016-03-31 18:00:00,5180.33608333
2016-03-31 19:00:00,6565.82725
2016-03-31 20:00:00,6579.43191667
2016-03-31 21:00:00,6365.93533333
2016-03-31 22:00:00,6712.31208333
2016-03-31 23:00:00,6196.30958333
